{
    "precision_recall": [
        {
            "precision": 0.44608304800397586,
            "recall": 1.0,
            "threshold": 0.0
        },
        {
            "precision": 0.9844388625298477,
            "recall": 0.9769978395080726,
            "threshold": 1.0
        }
    ]
}
