{
    "roc": [
        {
            "fpr": 0.0,
            "tpr": 0.0,
            "threshold": Infinity
        },
        {
            "fpr": 0.01243704643692747,
            "tpr": 0.9769978395080726,
            "threshold": 1.0
        },
        {
            "fpr": 1.0,
            "tpr": 1.0,
            "threshold": 0.0
        }
    ]
}
