{
    "accuracy": 0.9828500352829085,
    "precision": 0.9844388625298477,
    "recall": 0.9769978395080726,
    "f1": 0.9807042366650396,
    "roc_auc": 0.9822803965355726
}
