{"accuracy": 0.5725, "precision": 0.8441558441558441, "recall": 0.06480558325024925, "f1": 0.12037037037037036, "roc_auc": 0.5274816214802235}