{"accuracy": 0.9351316176046612, "precision": 0.9669837340401201, "recall": 0.8847922296153585, "f1": 0.9240639373611856, "roc_auc": 0.9302317019116171}