{"accuracy": 0.58265, "precision": 0.7998236331569665, "recall": 0.10047634873158302, "f1": 0.17852573565593938, "roc_auc": 0.539894603783453}