{"accuracy": 0.58665, "precision": 0.7710413694721826, "recall": 0.11975185554447768, "f1": 0.20730654904592963, "roc_auc": 0.5452491165082272}