{"accuracy": 0.59745, "precision": 0.7720178372352285, "recall": 0.15342860307964995, "f1": 0.255983735329452, "roc_auc": 0.5580776479355235}