{"accuracy": 0.5738, "precision": 0.8116480793060719, "recall": 0.07256009748532181, "f1": 0.133211307707952, "roc_auc": 0.5293539574276148}