{"accuracy": 0.5712, "precision": 0.7513935340022296, "recall": 0.07466489420627008, "f1": 0.13583232567513098, "roc_auc": 0.5271711420817188}