{"accuracy": 0.6024, "precision": 0.7377266696152145, "recall": 0.18477899634430042, "f1": 0.29553508150248053, "roc_auc": 0.5653686287654246}