{"accuracy": 0.5895, "precision": 0.8014760147601476, "recall": 0.12030574941841143, "f1": 0.20920824503949143, "roc_auc": 0.5478955157371834}