{"accuracy": 0.59615, "precision": 0.8693623639191291, "recall": 0.12385067021158747, "f1": 0.21681373024338213, "roc_auc": 0.5542701815470586}