{"accuracy": 0.5984, "precision": 0.7266514806378133, "recall": 0.1766921457848676, "f1": 0.28426305471395474, "roc_auc": 0.5610062387540942}